feature_name,feature_id,category,type,description,visualization,label_encoding,iskeep,process,value_num,missing
encounter_id,0,identifier,categorical,就诊ID,不适用,"{'unique_values': [], 'encoding_mapping': {}}",False,no,91589,False
patient_nbr,1,identifier,categorical,患者ID,不适用,"{'unique_values': [], 'encoding_mapping': {}}",False,no,65932,False
race,2,demographic,categorical,种族,饼图,"{'unique_values': ['?', 'AfricanAmerican', 'Asian', 'Caucasian', 'Hispanic', 'Other'], 'encoding_mapping': {'?': 0, 'AfricanAmerican': 1, 'Asian': 2, 'Caucasian': 3, 'Hispanic': 4, 'Other': 5}}",True,normal,6,True
gender,3,demographic,categorical,性别,条形图,"{'unique_values': ['Female', 'Male', 'Unknown/Invalid'], 'encoding_mapping': {'Female': 0, 'Male': 1, 'Unknown/Invalid': 2}}",True,normal,3,False
age,4,demographic,categorical,年龄组,条形图,"{'unique_values': ['[0-10)', '[10-20)', '[20-30)', '[30-40)', '[40-50)', '[50-60)', '[60-70)', '[70-80)', '[80-90)', '[90-100)'], 'encoding_mapping': {'[0-10)': 0, '[10-20)': 1, '[20-30)': 2, '[30-40)': 3, '[40-50)': 4, '[50-60)': 5, '[60-70)': 6, '[70-80)': 7, '[80-90)': 8, '[90-100)': 9}}",True,normal,10,False
weight,5,demographic,categorical,体重,饼图,"{'unique_values': ['>200', '?', '[0-25)', '[100-125)', '[125-150)', '[150-175)', '[175-200)', '[25-50)', '[50-75)', '[75-100)'], 'encoding_mapping': {'>200': 0, '?': 1, '[0-25)': 2, '[100-125)': 3, '[125-150)': 4, '[150-175)': 5, '[175-200)': 6, '[25-50)': 7, '[50-75)': 8, '[75-100)': 9}}",False,no,10,True
admission_type_id,6,categorical,categorical,入院类型ID,水平条形图,"{'unique_values': ['1', '2', '3', '4', '5', '6', '7', '8'], 'encoding_mapping': {'1': 0, '2': 1, '3': 2, '4': 3, '5': 4, '6': 5, '7': 6, '8': 7}}",True,normal,8,False
discharge_disposition_id,7,categorical,categorical,出院状态ID,水平条形图,"{'unique_values': ['1', '10', '11', '12', '13', '14', '15', '16', '17', '18', '19', '2', '20', '22', '23', '24', '25', '27', '28', '3', '4', '5', '6', '7', '8', '9'], 'encoding_mapping': {'1': 0, '10': 1, '11': 2, '12': 3, '13': 4, '14': 5, '15': 6, '16': 7, '17': 8, '18': 9, '19': 10, '2': 11, '20': 12, '22': 13, '23': 14, '24': 15, '25': 16, '27': 17, '28': 18, '3': 19, '4': 20, '5': 21, '6': 22, '7': 23, '8': 24, '9': 25}}",True,normal,26,False
admission_source_id,8,categorical,categorical,入院来源ID,水平条形图,"{'unique_values': ['1', '10', '11', '13', '14', '17', '2', '20', '22', '25', '3', '4', '5', '6', '7', '8', '9'], 'encoding_mapping': {'1': 0, '10': 1, '11': 2, '13': 3, '14': 4, '17': 5, '2': 6, '20': 7, '22': 8, '25': 9, '3': 10, '4': 11, '5': 12, '6': 13, '7': 14, '8': 15, '9': 16}}",True,normal,17,False
time_in_hospital,9,numeric,continuous,住院时间,直方图,"{'unique_values': [], 'encoding_mapping': {}}",True,normal,14,False
payer_code,10,categorical,categorical,支付方代码,水平条形图,"{'unique_values': ['?', 'BC', 'CH', 'CM', 'CP', 'DM', 'FR', 'HM', 'MC', 'MD', 'MP', 'OG', 'OT', 'PO', 'SI', 'SP', 'UN', 'WC'], 'encoding_mapping': {'?': 0, 'BC': 1, 'CH': 2, 'CM': 3, 'CP': 4, 'DM': 5, 'FR': 6, 'HM': 7, 'MC': 8, 'MD': 9, 'MP': 10, 'OG': 11, 'OT': 12, 'PO': 13, 'SI': 14, 'SP': 15, 'UN': 16, 'WC': 17}}",True,special,18,True
medical_specialty,11,categorical,categorical,医疗专业,水平条形图,"{'unique_values': ['?', 'AllergyandImmunology', 'Anesthesiology', 'Anesthesiology-Pediatric', 'Cardiology', 'Cardiology-Pediatric', 'DCPTEAM', 'Dentistry', 'Dermatology', 'Emergency/Trauma', 'Endocrinology', 'Endocrinology-Metabolism', 'Family/GeneralPractice', 'Gastroenterology', 'Gynecology', 'Hematology', 'Hematology/Oncology', 'Hospitalist', 'InfectiousDiseases', 'InternalMedicine', 'Nephrology', 'Neurology', 'Neurophysiology', 'Obsterics&Gynecology-GynecologicOnco', 'Obstetrics', 'ObstetricsandGynecology', 'Oncology', 'Ophthalmology', 'Orthopedics', 'Orthopedics-Reconstructive', 'Osteopath', 'Otolaryngology', 'OutreachServices', 'Pathology', 'Pediatrics', 'Pediatrics-AllergyandImmunology', 'Pediatrics-CriticalCare', 'Pediatrics-EmergencyMedicine', 'Pediatrics-Endocrinology', 'Pediatrics-Hematology-Oncology', 'Pediatrics-InfectiousDiseases', 'Pediatrics-Neurology', 'Pediatrics-Pulmonology', 'Perinatology', 'PhysicalMedicineandRehabilitation', 'PhysicianNotFound', 'Podiatry', 'Proctology', 'Psychiatry', 'Psychiatry-Addictive', 'Psychiatry-Child/Adolescent', 'Psychology', 'Pulmonology', 'Radiologist', 'Radiology', 'Resident', 'Rheumatology', 'Speech', 'SportsMedicine', 'Surgeon', 'Surgery-Cardiovascular', 'Surgery-Cardiovascular/Thoracic', 'Surgery-Colon&Rectal', 'Surgery-General', 'Surgery-Maxillofacial', 'Surgery-Neuro', 'Surgery-Pediatric', 'Surgery-Plastic', 'Surgery-PlasticwithinHeadandNeck', 'Surgery-Thoracic', 'Surgery-Vascular', 'SurgicalSpecialty', 'Urology'], 'encoding_mapping': {'?': 0, 'AllergyandImmunology': 1, 'Anesthesiology': 2, 'Anesthesiology-Pediatric': 3, 'Cardiology': 4, 'Cardiology-Pediatric': 5, 'DCPTEAM': 6, 'Dentistry': 7, 'Dermatology': 8, 'Emergency/Trauma': 9, 'Endocrinology': 10, 'Endocrinology-Metabolism': 11, 'Family/GeneralPractice': 12, 'Gastroenterology': 13, 'Gynecology': 14, 'Hematology': 15, 'Hematology/Oncology': 16, 'Hospitalist': 17, 'InfectiousDiseases': 18, 'InternalMedicine': 19, 'Nephrology': 20, 'Neurology': 21, 'Neurophysiology': 22, 'Obsterics&Gynecology-GynecologicOnco': 23, 'Obstetrics': 24, 'ObstetricsandGynecology': 25, 'Oncology': 26, 'Ophthalmology': 27, 'Orthopedics': 28, 'Orthopedics-Reconstructive': 29, 'Osteopath': 30, 'Otolaryngology': 31, 'OutreachServices': 32, 'Pathology': 33, 'Pediatrics': 34, 'Pediatrics-AllergyandImmunology': 35, 'Pediatrics-CriticalCare': 36, 'Pediatrics-EmergencyMedicine': 37, 'Pediatrics-Endocrinology': 38, 'Pediatrics-Hematology-Oncology': 39, 'Pediatrics-InfectiousDiseases': 40, 'Pediatrics-Neurology': 41, 'Pediatrics-Pulmonology': 42, 'Perinatology': 43, 'PhysicalMedicineandRehabilitation': 44, 'PhysicianNotFound': 45, 'Podiatry': 46, 'Proctology': 47, 'Psychiatry': 48, 'Psychiatry-Addictive': 49, 'Psychiatry-Child/Adolescent': 50, 'Psychology': 51, 'Pulmonology': 52, 'Radiologist': 53, 'Radiology': 54, 'Resident': 55, 'Rheumatology': 56, 'Speech': 57, 'SportsMedicine': 58, 'Surgeon': 59, 'Surgery-Cardiovascular': 60, 'Surgery-Cardiovascular/Thoracic': 61, 'Surgery-Colon&Rectal': 62, 'Surgery-General': 63, 'Surgery-Maxillofacial': 64, 'Surgery-Neuro': 65, 'Surgery-Pediatric': 66, 'Surgery-Plastic': 67, 'Surgery-PlasticwithinHeadandNeck': 68, 'Surgery-Thoracic': 69, 'Surgery-Vascular': 70, 'SurgicalSpecialty': 71, 'Urology': 72}}",True,special,73,True
num_lab_procedures,12,numeric,continuous,实验室检查次数,直方图,"{'unique_values': [], 'encoding_mapping': {}}",True,normal,117,False
num_procedures,13,numeric,continuous,手术次数,直方图,"{'unique_values': [], 'encoding_mapping': {}}",True,normal,7,False
num_medications,14,numeric,continuous,药物数量,直方图,"{'unique_values': [], 'encoding_mapping': {}}",True,normal,75,False
number_outpatient,15,numeric,continuous,门诊次数,直方图,"{'unique_values': [], 'encoding_mapping': {}}",True,special,39,False
number_emergency,16,numeric,continuous,急诊次数,直方图,"{'unique_values': [], 'encoding_mapping': {}}",True,special,33,False
number_inpatient,17,numeric,continuous,住院次数,直方图,"{'unique_values': [], 'encoding_mapping': {}}",True,normal,21,False
diag_1,18,diagnosis,categorical,主要诊断,水平条形图,"{'unique_values': ['10', '11', '110', '112', '114', '115', '117', '131', '133', '135', '136', '141', '142', '145', '146', '147', '148', '149', '150', '151', '152', '153', '154', '155', '156', '157', '158', '160', '161', '162', '163', '164', '170', '171', '172', '173', '174', '175', '179', '180', '182', '183', '184', '185', '187', '188', '189', '191', '192', '193', '194', '195', '196', '197', '198', '199', '200', '201', '202', '203', '204', '205', '207', '208', '210', '211', '212', '214', '215', '216', '217', '218', '219', '220', '223', '225', '226', '227', '228', '229', '23', '230', '233', '235', '236', '237', '238', '239', '240', '241', '242', '244', '245', '246', '250', '250.01', '250.02', '250.03', '250.1', '250.11', '250.12', '250.13', '250.2', '250.21', '250.22', '250.23', '250.3', '250.31', '250.32', '250.33', '250.4', '250.41', '250.42', '250.43', '250.5', '250.52', '250.53', '250.6', '250.7', '250.8', '250.81', '250.82', '250.83', '250.9', '250.91', '250.92', '250.93', '251', '252', '253', '255', '261', '262', '263', '266', '27', '271', '272', '273', '274', '275', '276', '277', '278', '279', '280', '281', '282', '283', '284', '285', '286', '287', '288', '289', '290', '291', '292', '293', '294', '295', '296', '297', '298', '299', '3', '300', '301', '303', '304', '305', '306', '307', '308', '309', '31', '310', '311', '312', '314', '318', '320', '322', '323', '324', '325', '327', '331', '332', '333', '334', '335', '336', '337', '338', '34', '340', '341', '342', '344', '345', '346', '347', '348', '349', '35', '350', '351', '352', '353', '354', '355', '356', '357', '358', '359', '36', '360', '361', '362', '363', '365', '366', '368', '369', '370', '372', '373', '374', '375', '376', '377', '378', '379', '38', '380', '381', '382', '383', '384', '385', '386', '388', '389', '39', '391', '394', '395', '396', '397', '398', '401', '402', '403', '404', '405', '41', '410', '411', '412', '413', '414', '415', '416', '417', '42', '420', '421', '422', '423', '424', '425', '426', '427', '428', '429', '430', '431', '432', '433', '434', '435', '436', '437', '438', '440', '441', '442', '443', '444', '445', '446', '447', '448', '451', '452', '453', '454', '455', '456', '457', '458', '459', '461', '462', '463', '464', '465', '466', '47', '470', '471', '473', '474', '475', '477', '478', '48', '480', '481', '482', '483', '485', '486', '487', '49', '490', '491', '492', '493', '494', '495', '496', '5', '500', '501', '506', '507', '508', '510', '511', '512', '513', '514', '515', '516', '518', '519', '52', '521', '522', '523', '524', '526', '527', '528', '529', '53', '530', '531', '532', '533', '534', '535', '536', '537', '54', '540', '541', '542', '543', '550', '551', '552', '553', '555', '556', '557', '558', '560', '562', '564', '565', '566', '567', '568', '569', '57', '570', '571', '572', '573', '574', '575', '576', '577', '578', '579', '58', '580', '581', '582', '583', '584', '585', '586', '588', '590', '591', '592', '593', '594', '595', '596', '598', '599', '600', '601', '602', '603', '604', '605', '607', '608', '61', '610', '611', '614', '615', '616', '617', '618', '619', '620', '621', '622', '623', '625', '626', '627', '632', '633', '634', '637', '640', '641', '642', '643', '644', '645', '646', '647', '648', '649', '652', '653', '654', '655', '656', '657', '658', '659', '66', '660', '661', '663', '664', '665', '669', '671', '674', '680', '681', '682', '683', '684', '685', '686', '690', '691', '692', '693', '694', '695', '696', '698', '7', '70', '700', '703', '704', '705', '706', '707', '708', '709', '710', '711', '714', '715', '716', '717', '718', '719', '720', '721', '722', '723', '724', '725', '726', '727', '728', '729', '730', '731', '732', '733', '734', '735', '736', '737', '738', '745', '746', '747', '75', '751', '753', '756', '759', '78', '780', '781', '782', '783', '784', '785', '786', '787', '788', '789', '79', '790', '791', '792', '793', '794', '795', '796', '797', '799', '8', '800', '801', '802', '803', '804', '805', '806', '807', '808', '810', '812', '813', '814', '815', '816', '817', '82', '820', '821', '822', '823', '824', '825', '826', '827', '831', '832', '833', '834', '835', '836', '837', '838', '839', '84', '840', '842', '843', '844', '845', '846', '847', '848', '850', '851', '852', '853', '854', '860', '861', '862', '863', '864', '865', '866', '867', '868', '870', '871', '873', '875', '878', '879', '88', '880', '881', '882', '883', '885', '886', '890', '891', '892', '893', '895', '897', '9', '903', '904', '906', '913', '914', '915', '916', '917', '919', '920', '921', '922', '923', '924', '928', '933', '934', '935', '936', '939', '94', '941', '942', '944', '945', '952', '955', '957', '958', '959', '962', '963', '964', '965', '966', '967', '968', '969', '97', '970', '971', '972', '973', '975', '976', '977', '98', '980', '982', '983', '986', '987', '988', '989', '990', '991', '992', '995', '996', '997', '998', '999', '?', 'E909', 'V07', 'V26', 'V43', 'V45', 'V51', 'V53', 'V54', 'V55', 'V56', 'V57', 'V58', 'V60', 'V63', 'V66', 'V67', 'V70', 'V71'], 'encoding_mapping': {'10': 0, '11': 1, '110': 2, '112': 3, '114': 4, '115': 5, '117': 6, '131': 7, '133': 8, '135': 9, '136': 10, '141': 11, '142': 12, '145': 13, '146': 14, '147': 15, '148': 16, '149': 17, '150': 18, '151': 19, '152': 20, '153': 21, '154': 22, '155': 23, '156': 24, '157': 25, '158': 26, '160': 27, '161': 28, '162': 29, '163': 30, '164': 31, '170': 32, '171': 33, '172': 34, '173': 35, '174': 36, '175': 37, '179': 38, '180': 39, '182': 40, '183': 41, '184': 42, '185': 43, '187': 44, '188': 45, '189': 46, '191': 47, '192': 48, '193': 49, '194': 50, '195': 51, '196': 52, '197': 53, '198': 54, '199': 55, '200': 56, '201': 57, '202': 58, '203': 59, '204': 60, '205': 61, '207': 62, '208': 63, '210': 64, '211': 65, '212': 66, '214': 67, '215': 68, '216': 69, '217': 70, '218': 71, '219': 72, '220': 73, '223': 74, '225': 75, '226': 76, '227': 77, '228': 78, '229': 79, '23': 80, '230': 81, '233': 82, '235': 83, '236': 84, '237': 85, '238': 86, '239': 87, '240': 88, '241': 89, '242': 90, '244': 91, '245': 92, '246': 93, '250': 94, '250.01': 95, '250.02': 96, '250.03': 97, '250.1': 98, '250.11': 99, '250.12': 100, '250.13': 101, '250.2': 102, '250.21': 103, '250.22': 104, '250.23': 105, '250.3': 106, '250.31': 107, '250.32': 108, '250.33': 109, '250.4': 110, '250.41': 111, '250.42': 112, '250.43': 113, '250.5': 114, '250.52': 115, '250.53': 116, '250.6': 117, '250.7': 118, '250.8': 119, '250.81': 120, '250.82': 121, '250.83': 122, '250.9': 123, '250.91': 124, '250.92': 125, '250.93': 126, '251': 127, '252': 128, '253': 129, '255': 130, '261': 131, '262': 132, '263': 133, '266': 134, '27': 135, '271': 136, '272': 137, '273': 138, '274': 139, '275': 140, '276': 141, '277': 142, '278': 143, '279': 144, '280': 145, '281': 146, '282': 147, '283': 148, '284': 149, '285': 150, '286': 151, '287': 152, '288': 153, '289': 154, '290': 155, '291': 156, '292': 157, '293': 158, '294': 159, '295': 160, '296': 161, '297': 162, '298': 163, '299': 164, '3': 165, '300': 166, '301': 167, '303': 168, '304': 169, '305': 170, '306': 171, '307': 172, '308': 173, '309': 174, '31': 175, '310': 176, '311': 177, '312': 178, '314': 179, '318': 180, '320': 181, '322': 182, '323': 183, '324': 184, '325': 185, '327': 186, '331': 187, '332': 188, '333': 189, '334': 190, '335': 191, '336': 192, '337': 193, '338': 194, '34': 195, '340': 196, '341': 197, '342': 198, '344': 199, '345': 200, '346': 201, '347': 202, '348': 203, '349': 204, '35': 205, '350': 206, '351': 207, '352': 208, '353': 209, '354': 210, '355': 211, '356': 212, '357': 213, '358': 214, '359': 215, '36': 216, '360': 217, '361': 218, '362': 219, '363': 220, '365': 221, '366': 222, '368': 223, '369': 224, '370': 225, '372': 226, '373': 227, '374': 228, '375': 229, '376': 230, '377': 231, '378': 232, '379': 233, '38': 234, '380': 235, '381': 236, '382': 237, '383': 238, '384': 239, '385': 240, '386': 241, '388': 242, '389': 243, '39': 244, '391': 245, '394': 246, '395': 247, '396': 248, '397': 249, '398': 250, '401': 251, '402': 252, '403': 253, '404': 254, '405': 255, '41': 256, '410': 257, '411': 258, '412': 259, '413': 260, '414': 261, '415': 262, '416': 263, '417': 264, '42': 265, '420': 266, '421': 267, '422': 268, '423': 269, '424': 270, '425': 271, '426': 272, '427': 273, '428': 274, '429': 275, '430': 276, '431': 277, '432': 278, '433': 279, '434': 280, '435': 281, '436': 282, '437': 283, '438': 284, '440': 285, '441': 286, '442': 287, '443': 288, '444': 289, '445': 290, '446': 291, '447': 292, '448': 293, '451': 294, '452': 295, '453': 296, '454': 297, '455': 298, '456': 299, '457': 300, '458': 301, '459': 302, '461': 303, '462': 304, '463': 305, '464': 306, '465': 307, '466': 308, '47': 309, '470': 310, '471': 311, '473': 312, '474': 313, '475': 314, '477': 315, '478': 316, '48': 317, '480': 318, '481': 319, '482': 320, '483': 321, '485': 322, '486': 323, '487': 324, '49': 325, '490': 326, '491': 327, '492': 328, '493': 329, '494': 330, '495': 331, '496': 332, '5': 333, '500': 334, '501': 335, '506': 336, '507': 337, '508': 338, '510': 339, '511': 340, '512': 341, '513': 342, '514': 343, '515': 344, '516': 345, '518': 346, '519': 347, '52': 348, '521': 349, '522': 350, '523': 351, '524': 352, '526': 353, '527': 354, '528': 355, '529': 356, '53': 357, '530': 358, '531': 359, '532': 360, '533': 361, '534': 362, '535': 363, '536': 364, '537': 365, '54': 366, '540': 367, '541': 368, '542': 369, '543': 370, '550': 371, '551': 372, '552': 373, '553': 374, '555': 375, '556': 376, '557': 377, '558': 378, '560': 379, '562': 380, '564': 381, '565': 382, '566': 383, '567': 384, '568': 385, '569': 386, '57': 387, '570': 388, '571': 389, '572': 390, '573': 391, '574': 392, '575': 393, '576': 394, '577': 395, '578': 396, '579': 397, '58': 398, '580': 399, '581': 400, '582': 401, '583': 402, '584': 403, '585': 404, '586': 405, '588': 406, '590': 407, '591': 408, '592': 409, '593': 410, '594': 411, '595': 412, '596': 413, '598': 414, '599': 415, '600': 416, '601': 417, '602': 418, '603': 419, '604': 420, '605': 421, '607': 422, '608': 423, '61': 424, '610': 425, '611': 426, '614': 427, '615': 428, '616': 429, '617': 430, '618': 431, '619': 432, '620': 433, '621': 434, '622': 435, '623': 436, '625': 437, '626': 438, '627': 439, '632': 440, '633': 441, '634': 442, '637': 443, '640': 444, '641': 445, '642': 446, '643': 447, '644': 448, '645': 449, '646': 450, '647': 451, '648': 452, '649': 453, '652': 454, '653': 455, '654': 456, '655': 457, '656': 458, '657': 459, '658': 460, '659': 461, '66': 462, '660': 463, '661': 464, '663': 465, '664': 466, '665': 467, '669': 468, '671': 469, '674': 470, '680': 471, '681': 472, '682': 473, '683': 474, '684': 475, '685': 476, '686': 477, '690': 478, '691': 479, '692': 480, '693': 481, '694': 482, '695': 483, '696': 484, '698': 485, '7': 486, '70': 487, '700': 488, '703': 489, '704': 490, '705': 491, '706': 492, '707': 493, '708': 494, '709': 495, '710': 496, '711': 497, '714': 498, '715': 499, '716': 500, '717': 501, '718': 502, '719': 503, '720': 504, '721': 505, '722': 506, '723': 507, '724': 508, '725': 509, '726': 510, '727': 511, '728': 512, '729': 513, '730': 514, '731': 515, '732': 516, '733': 517, '734': 518, '735': 519, '736': 520, '737': 521, '738': 522, '745': 523, '746': 524, '747': 525, '75': 526, '751': 527, '753': 528, '756': 529, '759': 530, '78': 531, '780': 532, '781': 533, '782': 534, '783': 535, '784': 536, '785': 537, '786': 538, '787': 539, '788': 540, '789': 541, '79': 542, '790': 543, '791': 544, '792': 545, '793': 546, '794': 547, '795': 548, '796': 549, '797': 550, '799': 551, '8': 552, '800': 553, '801': 554, '802': 555, '803': 556, '804': 557, '805': 558, '806': 559, '807': 560, '808': 561, '810': 562, '812': 563, '813': 564, '814': 565, '815': 566, '816': 567, '817': 568, '82': 569, '820': 570, '821': 571, '822': 572, '823': 573, '824': 574, '825': 575, '826': 576, '827': 577, '831': 578, '832': 579, '833': 580, '834': 581, '835': 582, '836': 583, '837': 584, '838': 585, '839': 586, '84': 587, '840': 588, '842': 589, '843': 590, '844': 591, '845': 592, '846': 593, '847': 594, '848': 595, '850': 596, '851': 597, '852': 598, '853': 599, '854': 600, '860': 601, '861': 602, '862': 603, '863': 604, '864': 605, '865': 606, '866': 607, '867': 608, '868': 609, '870': 610, '871': 611, '873': 612, '875': 613, '878': 614, '879': 615, '88': 616, '880': 617, '881': 618, '882': 619, '883': 620, '885': 621, '886': 622, '890': 623, '891': 624, '892': 625, '893': 626, '895': 627, '897': 628, '9': 629, '903': 630, '904': 631, '906': 632, '913': 633, '914': 634, '915': 635, '916': 636, '917': 637, '919': 638, '920': 639, '921': 640, '922': 641, '923': 642, '924': 643, '928': 644, '933': 645, '934': 646, '935': 647, '936': 648, '939': 649, '94': 650, '941': 651, '942': 652, '944': 653, '945': 654, '952': 655, '955': 656, '957': 657, '958': 658, '959': 659, '962': 660, '963': 661, '964': 662, '965': 663, '966': 664, '967': 665, '968': 666, '969': 667, '97': 668, '970': 669, '971': 670, '972': 671, '973': 672, '975': 673, '976': 674, '977': 675, '98': 676, '980': 677, '982': 678, '983': 679, '986': 680, '987': 681, '988': 682, '989': 683, '990': 684, '991': 685, '992': 686, '995': 687, '996': 688, '997': 689, '998': 690, '999': 691, '?': 692, 'E909': 693, 'V07': 694, 'V26': 695, 'V43': 696, 'V45': 697, 'V51': 698, 'V53': 699, 'V54': 700, 'V55': 701, 'V56': 702, 'V57': 703, 'V58': 704, 'V60': 705, 'V63': 706, 'V66': 707, 'V67': 708, 'V70': 709, 'V71': 710}}",True,special,711,True
diag_2,19,diagnosis,categorical,次要诊断,水平条形图,"{'unique_values': ['11', '110', '111', '112', '114', '115', '117', '123', '130', '131', '135', '136', '137', '138', '141', '150', '151', '152', '153', '154', '155', '156', '157', '162', '163', '164', '171', '172', '173', '174', '179', '180', '182', '183', '185', '186', '188', '189', '191', '192', '193', '195', '196', '197', '198', '199', '200', '201', '202', '203', '204', '205', '208', '211', '212', '214', '215', '217', '218', '220', '223', '225', '226', '227', '228', '232', '233', '238', '239', '240', '241', '242', '244', '245', '246', '250', '250.01', '250.02', '250.03', '250.1', '250.11', '250.12', '250.13', '250.2', '250.21', '250.22', '250.23', '250.3', '250.31', '250.32', '250.33', '250.4', '250.41', '250.42', '250.43', '250.5', '250.51', '250.52', '250.53', '250.6', '250.7', '250.8', '250.81', '250.82', '250.83', '250.9', '250.91', '250.92', '250.93', '251', '252', '253', '255', '256', '258', '259', '260', '261', '262', '263', '266', '269', '27', '270', '271', '272', '273', '274', '275', '276', '277', '278', '279', '280', '281', '282', '283', '284', '285', '286', '287', '288', '289', '290', '291', '292', '293', '294', '295', '296', '297', '298', '299', '300', '301', '302', '303', '304', '305', '306', '307', '308', '309', '31', '310', '311', '312', '314', '317', '318', '319', '320', '322', '323', '324', '325', '327', '331', '332', '333', '335', '336', '337', '338', '34', '340', '341', '342', '343', '344', '345', '346', '348', '349', '350', '351', '352', '353', '354', '355', '356', '357', '358', '359', '360', '362', '364', '365', '366', '368', '369', '372', '373', '374', '376', '377', '378', '379', '38', '380', '381', '382', '383', '386', '388', '389', '394', '395', '396', '397', '398', '40', '401', '402', '403', '404', '405', '41', '410', '411', '412', '413', '414', '415', '416', '42', '420', '421', '422', '423', '424', '425', '426', '427', '428', '429', '430', '431', '432', '433', '434', '435', '436', '437', '438', '440', '441', '442', '443', '444', '446', '447', '448', '451', '452', '453', '454', '455', '456', '457', '458', '459', '46', '460', '461', '462', '463', '464', '465', '466', '470', '472', '473', '474', '477', '478', '480', '481', '482', '483', '484', '485', '486', '487', '490', '491', '492', '493', '494', '495', '496', '5', '500', '501', '506', '507', '508', '510', '511', '512', '513', '514', '515', '516', '517', '518', '519', '520', '521', '522', '523', '524', '527', '528', '529', '53', '530', '531', '532', '533', '534', '535', '536', '537', '54', '540', '542', '543', '550', '552', '553', '555', '556', '557', '558', '560', '562', '564', '565', '566', '567', '568', '569', '570', '571', '572', '573', '574', '575', '576', '577', '578', '579', '580', '581', '583', '584', '585', '586', '588', '590', '591', '592', '593', '594', '595', '596', '598', '599', '600', '601', '602', '603', '604', '605', '607', '608', '610', '611', '614', '615', '616', '617', '618', '619', '620', '621', '622', '623', '625', '626', '627', '634', '641', '642', '644', '645', '646', '647', '648', '649', '652', '654', '656', '658', '659', '66', '661', '663', '664', '665', '670', '674', '680', '681', '682', '683', '684', '685', '686', '691', '692', '693', '694', '695', '696', '698', '7', '70', '701', '702', '703', '704', '705', '706', '707', '709', '710', '711', '712', '713', '714', '715', '716', '717', '718', '719', '721', '722', '723', '724', '725', '726', '727', '728', '729', '730', '731', '733', '734', '736', '737', '738', '741', '742', '745', '746', '747', '748', '75', '750', '751', '752', '753', '754', '755', '756', '758', '759', '78', '780', '781', '782', '783', '784', '785', '786', '787', '788', '789', '79', '790', '791', '792', '793', '794', '795', '796', '797', '799', '8', '800', '801', '802', '805', '806', '807', '808', '810', '812', '813', '814', '815', '816', '820', '821', '822', '823', '824', '825', '826', '831', '832', '833', '836', '837', '840', '842', '843', '844', '845', '846', '847', '850', '851', '852', '853', '860', '861', '862', '863', '864', '865', '866', '867', '868', '869', '870', '871', '872', '873', '879', '88', '880', '881', '882', '883', '884', '891', '892', '893', '894', '9', '905', '906', '907', '908', '909', '910', '911', '912', '913', '916', '917', '918', '919', '920', '921', '922', '923', '924', '927', '933', '934', '94', '942', '944', '945', '948', '952', '953', '958', '959', '96', '962', '963', '965', '967', '968', '969', '972', '974', '975', '977', '980', '987', '989', '99', '991', '992', '994', '995', '996', '997', '998', '999', '?', 'E812', 'E813', 'E814', 'E816', 'E817', 'E818', 'E819', 'E821', 'E826', 'E829', 'E849', 'E853', 'E854', 'E858', 'E868', 'E870', 'E878', 'E879', 'E880', 'E881', 'E882', 'E883', 'E884', 'E885', 'E887', 'E888', 'E900', 'E905', 'E906', 'E915', 'E916', 'E917', 'E918', 'E919', 'E924', 'E927', 'E928', 'E929', 'E930', 'E931', 'E932', 'E933', 'E934', 'E935', 'E936', 'E937', 'E939', 'E941', 'E942', 'E944', 'E945', 'E947', 'E950', 'E965', 'E968', 'E980', 'V02', 'V03', 'V08', 'V09', 'V10', 'V11', 'V12', 'V13', 'V14', 'V15', 'V16', 'V17', 'V18', 'V23', 'V42', 'V43', 'V44', 'V45', 'V46', 'V49', 'V50', 'V53', 'V54', 'V55', 'V57', 'V58', 'V60', 'V61', 'V62', 'V63', 'V64', 'V65', 'V66', 'V69', 'V70', 'V72', 'V85', 'V86'], 'encoding_mapping': {'11': 0, '110': 1, '111': 2, '112': 3, '114': 4, '115': 5, '117': 6, '123': 7, '130': 8, '131': 9, '135': 10, '136': 11, '137': 12, '138': 13, '141': 14, '150': 15, '151': 16, '152': 17, '153': 18, '154': 19, '155': 20, '156': 21, '157': 22, '162': 23, '163': 24, '164': 25, '171': 26, '172': 27, '173': 28, '174': 29, '179': 30, '180': 31, '182': 32, '183': 33, '185': 34, '186': 35, '188': 36, '189': 37, '191': 38, '192': 39, '193': 40, '195': 41, '196': 42, '197': 43, '198': 44, '199': 45, '200': 46, '201': 47, '202': 48, '203': 49, '204': 50, '205': 51, '208': 52, '211': 53, '212': 54, '214': 55, '215': 56, '217': 57, '218': 58, '220': 59, '223': 60, '225': 61, '226': 62, '227': 63, '228': 64, '232': 65, '233': 66, '238': 67, '239': 68, '240': 69, '241': 70, '242': 71, '244': 72, '245': 73, '246': 74, '250': 75, '250.01': 76, '250.02': 77, '250.03': 78, '250.1': 79, '250.11': 80, '250.12': 81, '250.13': 82, '250.2': 83, '250.21': 84, '250.22': 85, '250.23': 86, '250.3': 87, '250.31': 88, '250.32': 89, '250.33': 90, '250.4': 91, '250.41': 92, '250.42': 93, '250.43': 94, '250.5': 95, '250.51': 96, '250.52': 97, '250.53': 98, '250.6': 99, '250.7': 100, '250.8': 101, '250.81': 102, '250.82': 103, '250.83': 104, '250.9': 105, '250.91': 106, '250.92': 107, '250.93': 108, '251': 109, '252': 110, '253': 111, '255': 112, '256': 113, '258': 114, '259': 115, '260': 116, '261': 117, '262': 118, '263': 119, '266': 120, '269': 121, '27': 122, '270': 123, '271': 124, '272': 125, '273': 126, '274': 127, '275': 128, '276': 129, '277': 130, '278': 131, '279': 132, '280': 133, '281': 134, '282': 135, '283': 136, '284': 137, '285': 138, '286': 139, '287': 140, '288': 141, '289': 142, '290': 143, '291': 144, '292': 145, '293': 146, '294': 147, '295': 148, '296': 149, '297': 150, '298': 151, '299': 152, '300': 153, '301': 154, '302': 155, '303': 156, '304': 157, '305': 158, '306': 159, '307': 160, '308': 161, '309': 162, '31': 163, '310': 164, '311': 165, '312': 166, '314': 167, '317': 168, '318': 169, '319': 170, '320': 171, '322': 172, '323': 173, '324': 174, '325': 175, '327': 176, '331': 177, '332': 178, '333': 179, '335': 180, '336': 181, '337': 182, '338': 183, '34': 184, '340': 185, '341': 186, '342': 187, '343': 188, '344': 189, '345': 190, '346': 191, '348': 192, '349': 193, '350': 194, '351': 195, '352': 196, '353': 197, '354': 198, '355': 199, '356': 200, '357': 201, '358': 202, '359': 203, '360': 204, '362': 205, '364': 206, '365': 207, '366': 208, '368': 209, '369': 210, '372': 211, '373': 212, '374': 213, '376': 214, '377': 215, '378': 216, '379': 217, '38': 218, '380': 219, '381': 220, '382': 221, '383': 222, '386': 223, '388': 224, '389': 225, '394': 226, '395': 227, '396': 228, '397': 229, '398': 230, '40': 231, '401': 232, '402': 233, '403': 234, '404': 235, '405': 236, '41': 237, '410': 238, '411': 239, '412': 240, '413': 241, '414': 242, '415': 243, '416': 244, '42': 245, '420': 246, '421': 247, '422': 248, '423': 249, '424': 250, '425': 251, '426': 252, '427': 253, '428': 254, '429': 255, '430': 256, '431': 257, '432': 258, '433': 259, '434': 260, '435': 261, '436': 262, '437': 263, '438': 264, '440': 265, '441': 266, '442': 267, '443': 268, '444': 269, '446': 270, '447': 271, '448': 272, '451': 273, '452': 274, '453': 275, '454': 276, '455': 277, '456': 278, '457': 279, '458': 280, '459': 281, '46': 282, '460': 283, '461': 284, '462': 285, '463': 286, '464': 287, '465': 288, '466': 289, '470': 290, '472': 291, '473': 292, '474': 293, '477': 294, '478': 295, '480': 296, '481': 297, '482': 298, '483': 299, '484': 300, '485': 301, '486': 302, '487': 303, '490': 304, '491': 305, '492': 306, '493': 307, '494': 308, '495': 309, '496': 310, '5': 311, '500': 312, '501': 313, '506': 314, '507': 315, '508': 316, '510': 317, '511': 318, '512': 319, '513': 320, '514': 321, '515': 322, '516': 323, '517': 324, '518': 325, '519': 326, '520': 327, '521': 328, '522': 329, '523': 330, '524': 331, '527': 332, '528': 333, '529': 334, '53': 335, '530': 336, '531': 337, '532': 338, '533': 339, '534': 340, '535': 341, '536': 342, '537': 343, '54': 344, '540': 345, '542': 346, '543': 347, '550': 348, '552': 349, '553': 350, '555': 351, '556': 352, '557': 353, '558': 354, '560': 355, '562': 356, '564': 357, '565': 358, '566': 359, '567': 360, '568': 361, '569': 362, '570': 363, '571': 364, '572': 365, '573': 366, '574': 367, '575': 368, '576': 369, '577': 370, '578': 371, '579': 372, '580': 373, '581': 374, '583': 375, '584': 376, '585': 377, '586': 378, '588': 379, '590': 380, '591': 381, '592': 382, '593': 383, '594': 384, '595': 385, '596': 386, '598': 387, '599': 388, '600': 389, '601': 390, '602': 391, '603': 392, '604': 393, '605': 394, '607': 395, '608': 396, '610': 397, '611': 398, '614': 399, '615': 400, '616': 401, '617': 402, '618': 403, '619': 404, '620': 405, '621': 406, '622': 407, '623': 408, '625': 409, '626': 410, '627': 411, '634': 412, '641': 413, '642': 414, '644': 415, '645': 416, '646': 417, '647': 418, '648': 419, '649': 420, '652': 421, '654': 422, '656': 423, '658': 424, '659': 425, '66': 426, '661': 427, '663': 428, '664': 429, '665': 430, '670': 431, '674': 432, '680': 433, '681': 434, '682': 435, '683': 436, '684': 437, '685': 438, '686': 439, '691': 440, '692': 441, '693': 442, '694': 443, '695': 444, '696': 445, '698': 446, '7': 447, '70': 448, '701': 449, '702': 450, '703': 451, '704': 452, '705': 453, '706': 454, '707': 455, '709': 456, '710': 457, '711': 458, '712': 459, '713': 460, '714': 461, '715': 462, '716': 463, '717': 464, '718': 465, '719': 466, '721': 467, '722': 468, '723': 469, '724': 470, '725': 471, '726': 472, '727': 473, '728': 474, '729': 475, '730': 476, '731': 477, '733': 478, '734': 479, '736': 480, '737': 481, '738': 482, '741': 483, '742': 484, '745': 485, '746': 486, '747': 487, '748': 488, '75': 489, '750': 490, '751': 491, '752': 492, '753': 493, '754': 494, '755': 495, '756': 496, '758': 497, '759': 498, '78': 499, '780': 500, '781': 501, '782': 502, '783': 503, '784': 504, '785': 505, '786': 506, '787': 507, '788': 508, '789': 509, '79': 510, '790': 511, '791': 512, '792': 513, '793': 514, '794': 515, '795': 516, '796': 517, '797': 518, '799': 519, '8': 520, '800': 521, '801': 522, '802': 523, '805': 524, '806': 525, '807': 526, '808': 527, '810': 528, '812': 529, '813': 530, '814': 531, '815': 532, '816': 533, '820': 534, '821': 535, '822': 536, '823': 537, '824': 538, '825': 539, '826': 540, '831': 541, '832': 542, '833': 543, '836': 544, '837': 545, '840': 546, '842': 547, '843': 548, '844': 549, '845': 550, '846': 551, '847': 552, '850': 553, '851': 554, '852': 555, '853': 556, '860': 557, '861': 558, '862': 559, '863': 560, '864': 561, '865': 562, '866': 563, '867': 564, '868': 565, '869': 566, '870': 567, '871': 568, '872': 569, '873': 570, '879': 571, '88': 572, '880': 573, '881': 574, '882': 575, '883': 576, '884': 577, '891': 578, '892': 579, '893': 580, '894': 581, '9': 582, '905': 583, '906': 584, '907': 585, '908': 586, '909': 587, '910': 588, '911': 589, '912': 590, '913': 591, '916': 592, '917': 593, '918': 594, '919': 595, '920': 596, '921': 597, '922': 598, '923': 599, '924': 600, '927': 601, '933': 602, '934': 603, '94': 604, '942': 605, '944': 606, '945': 607, '948': 608, '952': 609, '953': 610, '958': 611, '959': 612, '96': 613, '962': 614, '963': 615, '965': 616, '967': 617, '968': 618, '969': 619, '972': 620, '974': 621, '975': 622, '977': 623, '980': 624, '987': 625, '989': 626, '99': 627, '991': 628, '992': 629, '994': 630, '995': 631, '996': 632, '997': 633, '998': 634, '999': 635, '?': 636, 'E812': 637, 'E813': 638, 'E814': 639, 'E816': 640, 'E817': 641, 'E818': 642, 'E819': 643, 'E821': 644, 'E826': 645, 'E829': 646, 'E849': 647, 'E853': 648, 'E854': 649, 'E858': 650, 'E868': 651, 'E870': 652, 'E878': 653, 'E879': 654, 'E880': 655, 'E881': 656, 'E882': 657, 'E883': 658, 'E884': 659, 'E885': 660, 'E887': 661, 'E888': 662, 'E900': 663, 'E905': 664, 'E906': 665, 'E915': 666, 'E916': 667, 'E917': 668, 'E918': 669, 'E919': 670, 'E924': 671, 'E927': 672, 'E928': 673, 'E929': 674, 'E930': 675, 'E931': 676, 'E932': 677, 'E933': 678, 'E934': 679, 'E935': 680, 'E936': 681, 'E937': 682, 'E939': 683, 'E941': 684, 'E942': 685, 'E944': 686, 'E945': 687, 'E947': 688, 'E950': 689, 'E965': 690, 'E968': 691, 'E980': 692, 'V02': 693, 'V03': 694, 'V08': 695, 'V09': 696, 'V10': 697, 'V11': 698, 'V12': 699, 'V13': 700, 'V14': 701, 'V15': 702, 'V16': 703, 'V17': 704, 'V18': 705, 'V23': 706, 'V42': 707, 'V43': 708, 'V44': 709, 'V45': 710, 'V46': 711, 'V49': 712, 'V50': 713, 'V53': 714, 'V54': 715, 'V55': 716, 'V57': 717, 'V58': 718, 'V60': 719, 'V61': 720, 'V62': 721, 'V63': 722, 'V64': 723, 'V65': 724, 'V66': 725, 'V69': 726, 'V70': 727, 'V72': 728, 'V85': 729, 'V86': 730}}",True,special,731,True
diag_3,20,diagnosis,categorical,第三诊断,水平条形图,"{'unique_values': ['11', '110', '111', '112', '115', '117', '122', '123', '131', '132', '135', '136', '138', '139', '14', '141', '146', '150', '151', '152', '153', '154', '155', '156', '157', '158', '161', '162', '163', '164', '17', '170', '171', '172', '173', '174', '175', '179', '180', '182', '183', '185', '186', '188', '189', '191', '192', '195', '196', '197', '198', '199', '200', '201', '202', '203', '204', '205', '208', '211', '214', '215', '216', '218', '220', '223', '225', '226', '227', '228', '230', '233', '235', '236', '238', '239', '240', '241', '242', '243', '244', '245', '246', '250', '250.01', '250.02', '250.03', '250.1', '250.11', '250.12', '250.13', '250.2', '250.21', '250.22', '250.23', '250.3', '250.31', '250.4', '250.41', '250.42', '250.43', '250.5', '250.51', '250.52', '250.53', '250.6', '250.7', '250.8', '250.81', '250.82', '250.83', '250.9', '250.91', '250.92', '250.93', '251', '252', '253', '255', '256', '258', '259', '260', '261', '262', '263', '265', '266', '268', '27', '270', '271', '272', '273', '274', '275', '276', '277', '278', '279', '280', '281', '282', '283', '284', '285', '286', '287', '288', '289', '290', '291', '292', '293', '294', '295', '296', '297', '298', '299', '3', '300', '301', '303', '304', '305', '306', '307', '309', '310', '311', '312', '313', '314', '315', '317', '318', '319', '323', '327', '331', '332', '333', '334', '335', '336', '337', '338', '34', '340', '341', '342', '343', '344', '345', '346', '347', '348', '349', '35', '350', '351', '353', '354', '355', '356', '357', '358', '359', '360', '361', '362', '365', '365.44', '366', '368', '369', '370', '372', '373', '374', '376', '377', '378', '379', '38', '380', '381', '382', '383', '384', '385', '386', '387', '388', '389', '391', '394', '395', '396', '397', '398', '401', '402', '403', '404', '405', '41', '410', '411', '412', '413', '414', '415', '416', '417', '42', '420', '421', '423', '424', '425', '426', '427', '428', '429', '430', '431', '432', '433', '434', '435', '436', '437', '438', '440', '441', '442', '443', '444', '445', '446', '447', '448', '451', '452', '453', '454', '455', '456', '457', '458', '459', '460', '461', '462', '463', '464', '465', '466', '47', '470', '472', '473', '475', '477', '478', '480', '481', '482', '483', '484', '485', '486', '487', '49', '490', '491', '492', '493', '494', '495', '496', '5', '500', '501', '506', '507', '508', '510', '511', '512', '514', '515', '516', '517', '518', '519', '521', '522', '523', '524', '525', '527', '528', '529', '53', '530', '531', '532', '533', '534', '535', '536', '537', '538', '54', '540', '542', '543', '550', '552', '553', '555', '556', '557', '558', '560', '562', '564', '565', '566', '567', '568', '569', '57', '570', '571', '572', '573', '574', '575', '576', '577', '578', '579', '580', '581', '582', '583', '584', '585', '586', '588', '590', '591', '592', '593', '594', '595', '596', '597', '598', '599', '600', '601', '602', '603', '604', '605', '607', '608', '610', '611', '614', '616', '617', '618', '619', '620', '621', '622', '623', '624', '625', '626', '627', '641', '642', '643', '644', '646', '647', '648', '649', '652', '653', '654', '655', '656', '657', '658', '659', '66', '660', '661', '663', '664', '665', '669', '670', '674', '680', '681', '682', '684', '685', '686', '690', '692', '693', '694', '695', '696', '697', '698', '7', '70', '701', '702', '703', '704', '705', '706', '707', '708', '709', '710', '711', '712', '713', '714', '715', '716', '717', '718', '719', '720', '721', '722', '723', '724', '725', '726', '727', '728', '729', '730', '731', '732', '733', '734', '735', '736', '737', '738', '741', '742', '744', '745', '746', '747', '75', '750', '751', '752', '753', '754', '756', '757', '758', '759', '78', '780', '781', '782', '783', '784', '785', '786', '787', '788', '789', '79', '790', '791', '792', '793', '794', '795', '796', '797', '799', '8', '800', '801', '802', '805', '807', '808', '810', '811', '812', '813', '814', '815', '816', '820', '821', '822', '823', '824', '825', '826', '831', '834', '836', '837', '838', '840', '841', '842', '844', '845', '847', '848', '850', '851', '852', '853', '854', '860', '861', '862', '863', '864', '865', '866', '867', '868', '870', '871', '872', '873', '875', '876', '877', '879', '880', '881', '882', '883', '884', '890', '891', '892', '9', '905', '906', '907', '908', '909', '910', '911', '912', '913', '915', '916', '917', '918', '919', '920', '921', '922', '923', '924', '928', '930', '933', '934', '935', '94', '942', '943', '944', '945', '948', '951', '952', '953', '955', '956', '958', '959', '962', '965', '966', '967', '969', '970', '971', '972', '980', '987', '989', '991', '992', '995', '996', '997', '998', '999', '?', 'E812', 'E813', 'E815', 'E816', 'E817', 'E818', 'E819', 'E825', 'E826', 'E828', 'E849', 'E850', 'E852', 'E853', 'E854', 'E855', 'E858', 'E864', 'E865', 'E870', 'E876', 'E878', 'E879', 'E880', 'E881', 'E882', 'E883', 'E884', 'E885', 'E886', 'E887', 'E888', 'E892', 'E894', 'E901', 'E905', 'E906', 'E912', 'E916', 'E917', 'E919', 'E920', 'E922', 'E924', 'E927', 'E928', 'E929', 'E930', 'E931', 'E932', 'E933', 'E934', 'E935', 'E936', 'E937', 'E938', 'E939', 'E941', 'E942', 'E943', 'E944', 'E945', 'E946', 'E947', 'E949', 'E950', 'E955', 'E956', 'E965', 'E966', 'E980', 'E987', 'V01', 'V02', 'V03', 'V06', 'V08', 'V09', 'V10', 'V11', 'V12', 'V13', 'V14', 'V15', 'V16', 'V17', 'V18', 'V22', 'V23', 'V25', 'V27', 'V42', 'V43', 'V44', 'V45', 'V46', 'V49', 'V53', 'V54', 'V55', 'V57', 'V58', 'V60', 'V61', 'V62', 'V63', 'V64', 'V65', 'V66', 'V70', 'V72', 'V85', 'V86'], 'encoding_mapping': {'11': 0, '110': 1, '111': 2, '112': 3, '115': 4, '117': 5, '122': 6, '123': 7, '131': 8, '132': 9, '135': 10, '136': 11, '138': 12, '139': 13, '14': 14, '141': 15, '146': 16, '150': 17, '151': 18, '152': 19, '153': 20, '154': 21, '155': 22, '156': 23, '157': 24, '158': 25, '161': 26, '162': 27, '163': 28, '164': 29, '17': 30, '170': 31, '171': 32, '172': 33, '173': 34, '174': 35, '175': 36, '179': 37, '180': 38, '182': 39, '183': 40, '185': 41, '186': 42, '188': 43, '189': 44, '191': 45, '192': 46, '195': 47, '196': 48, '197': 49, '198': 50, '199': 51, '200': 52, '201': 53, '202': 54, '203': 55, '204': 56, '205': 57, '208': 58, '211': 59, '214': 60, '215': 61, '216': 62, '218': 63, '220': 64, '223': 65, '225': 66, '226': 67, '227': 68, '228': 69, '230': 70, '233': 71, '235': 72, '236': 73, '238': 74, '239': 75, '240': 76, '241': 77, '242': 78, '243': 79, '244': 80, '245': 81, '246': 82, '250': 83, '250.01': 84, '250.02': 85, '250.03': 86, '250.1': 87, '250.11': 88, '250.12': 89, '250.13': 90, '250.2': 91, '250.21': 92, '250.22': 93, '250.23': 94, '250.3': 95, '250.31': 96, '250.4': 97, '250.41': 98, '250.42': 99, '250.43': 100, '250.5': 101, '250.51': 102, '250.52': 103, '250.53': 104, '250.6': 105, '250.7': 106, '250.8': 107, '250.81': 108, '250.82': 109, '250.83': 110, '250.9': 111, '250.91': 112, '250.92': 113, '250.93': 114, '251': 115, '252': 116, '253': 117, '255': 118, '256': 119, '258': 120, '259': 121, '260': 122, '261': 123, '262': 124, '263': 125, '265': 126, '266': 127, '268': 128, '27': 129, '270': 130, '271': 131, '272': 132, '273': 133, '274': 134, '275': 135, '276': 136, '277': 137, '278': 138, '279': 139, '280': 140, '281': 141, '282': 142, '283': 143, '284': 144, '285': 145, '286': 146, '287': 147, '288': 148, '289': 149, '290': 150, '291': 151, '292': 152, '293': 153, '294': 154, '295': 155, '296': 156, '297': 157, '298': 158, '299': 159, '3': 160, '300': 161, '301': 162, '303': 163, '304': 164, '305': 165, '306': 166, '307': 167, '309': 168, '310': 169, '311': 170, '312': 171, '313': 172, '314': 173, '315': 174, '317': 175, '318': 176, '319': 177, '323': 178, '327': 179, '331': 180, '332': 181, '333': 182, '334': 183, '335': 184, '336': 185, '337': 186, '338': 187, '34': 188, '340': 189, '341': 190, '342': 191, '343': 192, '344': 193, '345': 194, '346': 195, '347': 196, '348': 197, '349': 198, '35': 199, '350': 200, '351': 201, '353': 202, '354': 203, '355': 204, '356': 205, '357': 206, '358': 207, '359': 208, '360': 209, '361': 210, '362': 211, '365': 212, '365.44': 213, '366': 214, '368': 215, '369': 216, '370': 217, '372': 218, '373': 219, '374': 220, '376': 221, '377': 222, '378': 223, '379': 224, '38': 225, '380': 226, '381': 227, '382': 228, '383': 229, '384': 230, '385': 231, '386': 232, '387': 233, '388': 234, '389': 235, '391': 236, '394': 237, '395': 238, '396': 239, '397': 240, '398': 241, '401': 242, '402': 243, '403': 244, '404': 245, '405': 246, '41': 247, '410': 248, '411': 249, '412': 250, '413': 251, '414': 252, '415': 253, '416': 254, '417': 255, '42': 256, '420': 257, '421': 258, '423': 259, '424': 260, '425': 261, '426': 262, '427': 263, '428': 264, '429': 265, '430': 266, '431': 267, '432': 268, '433': 269, '434': 270, '435': 271, '436': 272, '437': 273, '438': 274, '440': 275, '441': 276, '442': 277, '443': 278, '444': 279, '445': 280, '446': 281, '447': 282, '448': 283, '451': 284, '452': 285, '453': 286, '454': 287, '455': 288, '456': 289, '457': 290, '458': 291, '459': 292, '460': 293, '461': 294, '462': 295, '463': 296, '464': 297, '465': 298, '466': 299, '47': 300, '470': 301, '472': 302, '473': 303, '475': 304, '477': 305, '478': 306, '480': 307, '481': 308, '482': 309, '483': 310, '484': 311, '485': 312, '486': 313, '487': 314, '49': 315, '490': 316, '491': 317, '492': 318, '493': 319, '494': 320, '495': 321, '496': 322, '5': 323, '500': 324, '501': 325, '506': 326, '507': 327, '508': 328, '510': 329, '511': 330, '512': 331, '514': 332, '515': 333, '516': 334, '517': 335, '518': 336, '519': 337, '521': 338, '522': 339, '523': 340, '524': 341, '525': 342, '527': 343, '528': 344, '529': 345, '53': 346, '530': 347, '531': 348, '532': 349, '533': 350, '534': 351, '535': 352, '536': 353, '537': 354, '538': 355, '54': 356, '540': 357, '542': 358, '543': 359, '550': 360, '552': 361, '553': 362, '555': 363, '556': 364, '557': 365, '558': 366, '560': 367, '562': 368, '564': 369, '565': 370, '566': 371, '567': 372, '568': 373, '569': 374, '57': 375, '570': 376, '571': 377, '572': 378, '573': 379, '574': 380, '575': 381, '576': 382, '577': 383, '578': 384, '579': 385, '580': 386, '581': 387, '582': 388, '583': 389, '584': 390, '585': 391, '586': 392, '588': 393, '590': 394, '591': 395, '592': 396, '593': 397, '594': 398, '595': 399, '596': 400, '597': 401, '598': 402, '599': 403, '600': 404, '601': 405, '602': 406, '603': 407, '604': 408, '605': 409, '607': 410, '608': 411, '610': 412, '611': 413, '614': 414, '616': 415, '617': 416, '618': 417, '619': 418, '620': 419, '621': 420, '622': 421, '623': 422, '624': 423, '625': 424, '626': 425, '627': 426, '641': 427, '642': 428, '643': 429, '644': 430, '646': 431, '647': 432, '648': 433, '649': 434, '652': 435, '653': 436, '654': 437, '655': 438, '656': 439, '657': 440, '658': 441, '659': 442, '66': 443, '660': 444, '661': 445, '663': 446, '664': 447, '665': 448, '669': 449, '670': 450, '674': 451, '680': 452, '681': 453, '682': 454, '684': 455, '685': 456, '686': 457, '690': 458, '692': 459, '693': 460, '694': 461, '695': 462, '696': 463, '697': 464, '698': 465, '7': 466, '70': 467, '701': 468, '702': 469, '703': 470, '704': 471, '705': 472, '706': 473, '707': 474, '708': 475, '709': 476, '710': 477, '711': 478, '712': 479, '713': 480, '714': 481, '715': 482, '716': 483, '717': 484, '718': 485, '719': 486, '720': 487, '721': 488, '722': 489, '723': 490, '724': 491, '725': 492, '726': 493, '727': 494, '728': 495, '729': 496, '730': 497, '731': 498, '732': 499, '733': 500, '734': 501, '735': 502, '736': 503, '737': 504, '738': 505, '741': 506, '742': 507, '744': 508, '745': 509, '746': 510, '747': 511, '75': 512, '750': 513, '751': 514, '752': 515, '753': 516, '754': 517, '756': 518, '757': 519, '758': 520, '759': 521, '78': 522, '780': 523, '781': 524, '782': 525, '783': 526, '784': 527, '785': 528, '786': 529, '787': 530, '788': 531, '789': 532, '79': 533, '790': 534, '791': 535, '792': 536, '793': 537, '794': 538, '795': 539, '796': 540, '797': 541, '799': 542, '8': 543, '800': 544, '801': 545, '802': 546, '805': 547, '807': 548, '808': 549, '810': 550, '811': 551, '812': 552, '813': 553, '814': 554, '815': 555, '816': 556, '820': 557, '821': 558, '822': 559, '823': 560, '824': 561, '825': 562, '826': 563, '831': 564, '834': 565, '836': 566, '837': 567, '838': 568, '840': 569, '841': 570, '842': 571, '844': 572, '845': 573, '847': 574, '848': 575, '850': 576, '851': 577, '852': 578, '853': 579, '854': 580, '860': 581, '861': 582, '862': 583, '863': 584, '864': 585, '865': 586, '866': 587, '867': 588, '868': 589, '870': 590, '871': 591, '872': 592, '873': 593, '875': 594, '876': 595, '877': 596, '879': 597, '880': 598, '881': 599, '882': 600, '883': 601, '884': 602, '890': 603, '891': 604, '892': 605, '9': 606, '905': 607, '906': 608, '907': 609, '908': 610, '909': 611, '910': 612, '911': 613, '912': 614, '913': 615, '915': 616, '916': 617, '917': 618, '918': 619, '919': 620, '920': 621, '921': 622, '922': 623, '923': 624, '924': 625, '928': 626, '930': 627, '933': 628, '934': 629, '935': 630, '94': 631, '942': 632, '943': 633, '944': 634, '945': 635, '948': 636, '951': 637, '952': 638, '953': 639, '955': 640, '956': 641, '958': 642, '959': 643, '962': 644, '965': 645, '966': 646, '967': 647, '969': 648, '970': 649, '971': 650, '972': 651, '980': 652, '987': 653, '989': 654, '991': 655, '992': 656, '995': 657, '996': 658, '997': 659, '998': 660, '999': 661, '?': 662, 'E812': 663, 'E813': 664, 'E815': 665, 'E816': 666, 'E817': 667, 'E818': 668, 'E819': 669, 'E825': 670, 'E826': 671, 'E828': 672, 'E849': 673, 'E850': 674, 'E852': 675, 'E853': 676, 'E854': 677, 'E855': 678, 'E858': 679, 'E864': 680, 'E865': 681, 'E870': 682, 'E876': 683, 'E878': 684, 'E879': 685, 'E880': 686, 'E881': 687, 'E882': 688, 'E883': 689, 'E884': 690, 'E885': 691, 'E886': 692, 'E887': 693, 'E888': 694, 'E892': 695, 'E894': 696, 'E901': 697, 'E905': 698, 'E906': 699, 'E912': 700, 'E916': 701, 'E917': 702, 'E919': 703, 'E920': 704, 'E922': 705, 'E924': 706, 'E927': 707, 'E928': 708, 'E929': 709, 'E930': 710, 'E931': 711, 'E932': 712, 'E933': 713, 'E934': 714, 'E935': 715, 'E936': 716, 'E937': 717, 'E938': 718, 'E939': 719, 'E941': 720, 'E942': 721, 'E943': 722, 'E944': 723, 'E945': 724, 'E946': 725, 'E947': 726, 'E949': 727, 'E950': 728, 'E955': 729, 'E956': 730, 'E965': 731, 'E966': 732, 'E980': 733, 'E987': 734, 'V01': 735, 'V02': 736, 'V03': 737, 'V06': 738, 'V08': 739, 'V09': 740, 'V10': 741, 'V11': 742, 'V12': 743, 'V13': 744, 'V14': 745, 'V15': 746, 'V16': 747, 'V17': 748, 'V18': 749, 'V22': 750, 'V23': 751, 'V25': 752, 'V27': 753, 'V42': 754, 'V43': 755, 'V44': 756, 'V45': 757, 'V46': 758, 'V49': 759, 'V53': 760, 'V54': 761, 'V55': 762, 'V57': 763, 'V58': 764, 'V60': 765, 'V61': 766, 'V62': 767, 'V63': 768, 'V64': 769, 'V65': 770, 'V66': 771, 'V70': 772, 'V72': 773, 'V85': 774, 'V86': 775}}",True,special,776,True
number_diagnoses,21,numeric,continuous,诊断数量,直方图,"{'unique_values': [], 'encoding_mapping': {}}",True,normal,16,False
max_glu_serum,22,categorical,categorical,最大血糖血清,水平条形图,"{'unique_values': ['>200', '>300', 'Norm', 'nan'], 'encoding_mapping': {'>200': 0, '>300': 1, 'Norm': 2, 'nan': 3}}",False,no,4,False
A1Cresult,23,categorical,categorical,糖化血红蛋白结果,水平条形图,"{'unique_values': ['>7', '>8', 'Norm', 'nan'], 'encoding_mapping': {'>7': 0, '>8': 1, 'Norm': 2, 'nan': 3}}",True,special,4,False
metformin,24,medication,categorical,二甲双胍,热力图,"{'unique_values': ['Down', 'No', 'Steady', 'Up'], 'encoding_mapping': {'Down': 0, 'No': 1, 'Steady': 2, 'Up': 3}}",True,normal,4,False
repaglinide,25,medication,categorical,瑞格列奈,热力图,"{'unique_values': ['Down', 'No', 'Steady', 'Up'], 'encoding_mapping': {'Down': 0, 'No': 1, 'Steady': 2, 'Up': 3}}",True,normal,4,False
nateglinide,26,medication,categorical,那格列奈,热力图,"{'unique_values': ['Down', 'No', 'Steady', 'Up'], 'encoding_mapping': {'Down': 0, 'No': 1, 'Steady': 2, 'Up': 3}}",True,normal,4,False
chlorpropamide,27,medication,categorical,氯磺丙脲,热力图,"{'unique_values': ['No', 'Steady', 'Up'], 'encoding_mapping': {'No': 0, 'Steady': 1, 'Up': 2}}",True,normal,3,False
glimepiride,28,medication,categorical,格列美脲,热力图,"{'unique_values': ['Down', 'No', 'Steady', 'Up'], 'encoding_mapping': {'Down': 0, 'No': 1, 'Steady': 2, 'Up': 3}}",True,normal,4,False
acetohexamide,29,medication,categorical,醋磺己脲,热力图,"{'unique_values': ['No', 'Steady'], 'encoding_mapping': {'No': 0, 'Steady': 1}}",True,normal,2,False
glipizide,30,medication,categorical,格列吡嗪,热力图,"{'unique_values': ['Down', 'No', 'Steady', 'Up'], 'encoding_mapping': {'Down': 0, 'No': 1, 'Steady': 2, 'Up': 3}}",True,normal,4,False
glyburide,31,medication,categorical,格列本脲,热力图,"{'unique_values': ['Down', 'No', 'Steady', 'Up'], 'encoding_mapping': {'Down': 0, 'No': 1, 'Steady': 2, 'Up': 3}}",True,normal,4,False
tolbutamide,32,medication,categorical,甲苯磺丁脲,热力图,"{'unique_values': ['No', 'Steady'], 'encoding_mapping': {'No': 0, 'Steady': 1}}",True,normal,2,False
pioglitazone,33,medication,categorical,吡格列酮,热力图,"{'unique_values': ['Down', 'No', 'Steady', 'Up'], 'encoding_mapping': {'Down': 0, 'No': 1, 'Steady': 2, 'Up': 3}}",True,normal,4,False
rosiglitazone,34,medication,categorical,罗格列酮,热力图,"{'unique_values': ['Down', 'No', 'Steady', 'Up'], 'encoding_mapping': {'Down': 0, 'No': 1, 'Steady': 2, 'Up': 3}}",True,normal,4,False
acarbose,35,medication,categorical,阿卡波糖,热力图,"{'unique_values': ['Down', 'No', 'Steady', 'Up'], 'encoding_mapping': {'Down': 0, 'No': 1, 'Steady': 2, 'Up': 3}}",True,normal,4,False
miglitol,36,medication,categorical,米格列醇,热力图,"{'unique_values': ['Down', 'No', 'Steady', 'Up'], 'encoding_mapping': {'Down': 0, 'No': 1, 'Steady': 2, 'Up': 3}}",True,normal,4,False
troglitazone,37,medication,categorical,曲格列酮,热力图,"{'unique_values': ['No', 'Steady'], 'encoding_mapping': {'No': 0, 'Steady': 1}}",True,normal,2,False
tolazamide,38,medication,categorical,妥拉磺脲,热力图,"{'unique_values': ['No', 'Steady'], 'encoding_mapping': {'No': 0, 'Steady': 1}}",True,normal,2,False
examide,39,medication,categorical,依沙米德,热力图,"{'unique_values': ['No'], 'encoding_mapping': {'No': 0}}",False,no,1,False
citoglipton,40,medication,categorical,西格列汀,热力图,"{'unique_values': ['No'], 'encoding_mapping': {'No': 0}}",False,no,1,False
insulin,41,medication,categorical,胰岛素,热力图,"{'unique_values': ['Down', 'No', 'Steady', 'Up'], 'encoding_mapping': {'Down': 0, 'No': 1, 'Steady': 2, 'Up': 3}}",True,normal,4,False
glyburide-metformin,42,medication,categorical,格列本脲-二甲双胍,热力图,"{'unique_values': ['Down', 'No', 'Steady', 'Up'], 'encoding_mapping': {'Down': 0, 'No': 1, 'Steady': 2, 'Up': 3}}",True,normal,4,False
glipizide-metformin,43,medication,categorical,格列吡嗪-二甲双胍,热力图,"{'unique_values': ['No', 'Steady'], 'encoding_mapping': {'No': 0, 'Steady': 1}}",True,normal,2,False
glimepiride-pioglitazone,44,medication,categorical,格列美脲-吡格列酮,热力图,"{'unique_values': ['No'], 'encoding_mapping': {'No': 0}}",True,normal,1,False
metformin-rosiglitazone,45,medication,categorical,二甲双胍-罗格列酮,热力图,"{'unique_values': ['No', 'Steady'], 'encoding_mapping': {'No': 0, 'Steady': 1}}",True,normal,2,False
metformin-pioglitazone,46,medication,categorical,二甲双胍-吡格列酮,热力图,"{'unique_values': ['No', 'Steady'], 'encoding_mapping': {'No': 0, 'Steady': 1}}",True,normal,2,False
change,47,categorical,categorical,药物变化,水平条形图,"{'unique_values': ['Ch', 'No'], 'encoding_mapping': {'Ch': 0, 'No': 1}}",True,normal,2,False
diabetesMed,48,categorical,categorical,糖尿病药物,水平条形图,"{'unique_values': ['No', 'Yes'], 'encoding_mapping': {'No': 0, 'Yes': 1}}",True,normal,2,False
readmitted,49,target,categorical,复诊情况,饼图、条形图,"{'unique_values': ['<30', '>30', 'NO'], 'encoding_mapping': {'<30': 0, '>30': 1, 'NO': 2}}",True,special,3,False
